title,company,location,description,posted_at,apply_links
Software Engineer,Citadel,United States,"At Citadel, Software Engineers are responsible for building the systems that power every aspect of our investment process, from research and analysis to trading, risk management, funding and settlement. Working side by side with investors and quantitative researchers, we use our technical skills to drive critical commercial outcomes. If you’re interested in financial markets and excited by the prospect of having real impact in a fast-paced environment where everyone is inspired to be their best,...",1 day ago,Citadel: https://www.citadel.com/careers/details/software-engineer/?utm_campaign=google_jobs_apply&utm_source=google_jobs_apply&utm_medium=organic | Workday: https://ngc.wd1.myworkdayjobs.com/en-US/Northrop_Grumman_External_Site/job/United-States-Alabama-Huntsville/Software-Engineer--24-444-_R10176791/apply/autofillWithResume?utm_campaign=google_jobs_apply&utm_source=google_jobs_apply&utm_medium=organic | Rethink Priorities Careers: https://careers.rethinkpriorities.org/jobs/183763/hiring-process?utm_campaign=google_jobs_apply&utm_source=google_jobs_apply&utm_medium=organic | Careers At Cambium Learning - Cambium Learning Group: https://jobs.cambiumlearning.com/jobs/product-engineering/remote/software-engineer/REQ-3648?utm_campaign=google_jobs_apply&utm_source=google_jobs_apply&utm_medium=organic | Violet Labs: https://jobs.violetlabs.com/31764?utm_campaign=google_jobs_apply&utm_source=google_jobs_apply&utm_medium=organic | Mentava: https://www.mentava.com/jobs?ashby_jid=9b64a18a-bf83-4e26-a1ec-68625a1d8e83&utm_campaign=google_jobs_apply&utm_source=google_jobs_apply&utm_medium=organic | Goliath Partners: https://www.goliathpartners.com/apply/ll-12-software-engineer?utm_campaign=google_jobs_apply&utm_source=google_jobs_apply&utm_medium=organic | Upwork: https://www.upwork.com/freelance-jobs/apply/Software-Engineer_~021854895568907594787/?utm_campaign=google_jobs_apply&utm_source=google_jobs_apply&utm_medium=organic
Software Engineer - Cloud Infrastructure (US Remote Available) - 30808,Splunk,Colorado (+2 others),"Splunk is here to build a safer and more resilient digital world. The world's leading enterprises use our unified security and observability platform to keep their digital systems secure and reliable. While customers love our technology, it's our people that make Splunk stand out as an amazing career destination and why we've won so many awards as a best place to work. If you become a Splunker, we want your whole, authentic self, what we call your ""million data points"". So bring your work experi...",16 days ago,Splunk: https://www.splunk.com/en_us/careers/jobs/software-engineer-cloud-infrastructure-30808.html?utm_campaign=google_jobs_apply&utm_source=google_jobs_apply&utm_medium=organic
Software Engineer - Early Career,Lockheed Martin,"Hill AFB, UT","Description:By bringing together people that use their passion for purposeful innovation, at Lockheed Martin we keep people safe and solve the world's most complex challenges. Our people are some of the greatest minds in the industry and truly make Lockheed Martin a great place to work. With our employees as our priority, we provide diverse career opportunities designed to propel development and boost agility. Our flexible schedules, competitive pay, and comprehensive benefits enable our employe...",3 days ago,"Lockheed Martin: https://www.lockheedmartinjobs.com/job/hill-air-force-base/software-engineer-early-career/694/73179574256?utm_campaign=google_jobs_apply&utm_source=google_jobs_apply&utm_medium=organic | ZipRecruiter: https://www.ziprecruiter.com/c/Lockheed-Martin/Job/Software-Engineer-Early-Career/-in-Hill-Air-Force-Base,UT?jid=88cdcd4a3fe0c3f2&utm_campaign=google_jobs_apply&utm_source=google_jobs_apply&utm_medium=organic | JSfirm.com: https://www.jsfirm.com/job/Engineering-Software-Engineer---Early-Career/Hill+AFB-Utah/jobID_1483287?utm_campaign=google_jobs_apply&utm_source=google_jobs_apply&utm_medium=organic | Clearance Jobs: https://www.clearancejobs.com/jobs/8060853/software-engineer-early-career?utm_campaign=google_jobs_apply&utm_source=google_jobs_apply&utm_medium=organic | Space Crew: https://spacecrew.com/space-jobs/m3o44ovc-lockheed-martin-software-engineer-early-career?utm_campaign=google_jobs_apply&utm_source=google_jobs_apply&utm_medium=organic | Cleared Careers: https://clearedcareers.com/job/582368/software-engineer-early-career/?utm_campaign=google_jobs_apply&utm_source=google_jobs_apply&utm_medium=organic | SimplyHired: https://www.simplyhired.com/job/7jBiuvVhO9tRlmPZOMJTaXyo-XHjSCurADsvSp8pIT8ZcuUvM4rnNQ?utm_campaign=google_jobs_apply&utm_source=google_jobs_apply&utm_medium=organic | Adzuna: https://www.adzuna.com/details/4945819791?utm_campaign=google_jobs_apply&utm_source=google_jobs_apply&utm_medium=organic"
Remote Software Engineer - Numerical Algorithm Development,Get It - Professional Services,Anywhere,"Job Overview

We are actively expanding our dynamic team and are on the lookout for proficient software and algorithm developers and engineers. Our mission is to deliver state-of-the-art sensor data processing technologies and scientific solutions that cater to national security and defense. As part of our team, you will play a crucial role in providing advanced data exploitation capabilities for various U.S. Government initiatives, particularly those under the Department of Defense.

Key Respon...",1 day ago,LinkedIn: https://www.linkedin.com/jobs/view/remote-software-engineer-numerical-algorithm-development-at-get-it-professional-services-4078424775?utm_campaign=google_jobs_apply&utm_source=google_jobs_apply&utm_medium=organic
Software Engineer,SAP,"Boulder, CO","We help the world run better

At SAP, we enable you to bring out your best. Our company culture is focused on collaboration and a shared passion to help the world run better. How? We focus every day on building the foundation for tomorrow and creating a workplace that embraces differences, values flexibility, and is aligned to our purpose-driven and future-focused work. We offer a highly collaborative, caring team environment with a strong focus on learning and development, recognition for your ...",20 days ago,Jobs At SAP: https://jobs.sap.com/job/Boulder-Software-Engineer-CO-80301/1137780201/?utm_campaign=google_jobs_apply&utm_source=google_jobs_apply&utm_medium=organic | University Jobs.com: https://www.universityjobs.com/posting/7291959?utm_campaign=google_jobs_apply&utm_source=google_jobs_apply&utm_medium=organic | Inside Higher Ed Careers: https://careers.insidehighered.com/job/3252645/software-engineer/?utm_campaign=google_jobs_apply&utm_source=google_jobs_apply&utm_medium=organic | Indeed: https://www.indeed.com/viewjob?jk=92c5418ae59138c4&utm_campaign=google_jobs_apply&utm_source=google_jobs_apply&utm_medium=organic | LocalJobs.com: https://www.localjobs.com/job/boulder-co-software-engineer?utm_campaign=google_jobs_apply&utm_source=google_jobs_apply&utm_medium=organic | Adzuna: https://www.adzuna.com/details/4809749324?title=Software_Engineer&utm_campaign=google_jobs_apply&utm_source=google_jobs_apply&utm_medium=organic | Talent.com: https://www.talent.com/view?id=8c28c6d44dc2&utm_campaign=google_jobs_apply&utm_source=google_jobs_apply&utm_medium=organic | Diversity Jobs: https://diversityjobs.com/career/9610408/Software-Engineer-Colorado-Boulder?utm_campaign=google_jobs_apply&utm_source=google_jobs_apply&utm_medium=organic
Principal Software Engineer I - Identity,SPECTRUM,N/A,"This posting has been extended beyond it's anticipated closing date. Spectrum’s Product and Technology team creates, develops, and operates the nation’s fastest mobile service, most reliable internet service, most viewed live TV app, and the most advanced WiFi, serving nearly 100 million users and 500 million devices. We are transforming the next era of connectivity and entertainment experiences. The diversity of experience available within Spectrum’s Product and Technology team is unmatched and...",1 day ago,SitePoint: https://www.sitepoint.com/jobs-for-developers/spectrum/principal-software-engineer-i-identity-944424/?utm_campaign=google_jobs_apply&utm_source=google_jobs_apply&utm_medium=organic
Software Engineer,Epic,"Casper, WY","Please note that this position is based on our campus in Madison, WI, and requires relocation to the area. We recruit nationally and provide financial relocation assistance.

Code that saves lives.

As a software developer at Epic, you’ll write software that impacts the lives of 75% of Americans and 300 million patients around the world. Working in your own office, surrounded by thousands of high-caliber developers, you’ll use modern development methodologies and employ user-centered design, ana...",7 days ago,LinkedIn: https://www.linkedin.com/jobs/view/software-engineer-at-epic-3986111818?utm_campaign=google_jobs_apply&utm_source=google_jobs_apply&utm_medium=organic | SitePoint: https://www.sitepoint.com/jobs-for-developers/boeing/real-time-software-engineer-797454/?utm_campaign=google_jobs_apply&utm_source=google_jobs_apply&utm_medium=organic
Senior Software Engineer - Core,TruMedia,Anywhere,"We’re looking for a Senior Software Engineer to join our product engineering group and improve our core platform. TruMedia’s platform enables users to explore a wide array of questions about sports data, and then save and batch those questions for future use. In this role, your responsibilities will include connecting new data sources, integrating the TruMedia platform for a new sport, improving the usability of some of our core features, among other tasks.

TruMedia Networks is an industry lead...",3 days ago,"TeamWork Online: https://www.teamworkonline.com/sports-technology-jobs/trumedia-jobs/trumedia-jobs/senior-software-engineer-core-2100314?utm_campaign=google_jobs_apply&utm_source=google_jobs_apply&utm_medium=organic | Built In: https://builtin.com/job/senior-software-engineer-ii-core-platform/3237177?utm_campaign=google_jobs_apply&utm_source=google_jobs_apply&utm_medium=organic | Jobgether: https://jobgether.com/offer/67311695f507fa65d0ea76f4-senior-software-engineer-ii---core-platform?utm_campaign=google_jobs_apply&utm_source=google_jobs_apply&utm_medium=organic | Powderkeg: https://powderkeg.com/job/6583/?utm_campaign=google_jobs_apply&utm_source=google_jobs_apply&utm_medium=organic | Glassdoor: https://www.glassdoor.com/job-listing/senior-software-engineer-core-trumedia-JV_KO0,29_KE30,38.htm?jl=1009532303144&utm_campaign=google_jobs_apply&utm_source=google_jobs_apply&utm_medium=organic | Simplify Jobs: https://simplify.jobs/p/a063c7aa-8a32-4aae-b368-e3ac2b44cebf/Senior-Software-Engineer?utm_campaign=google_jobs_apply&utm_source=google_jobs_apply&utm_medium=organic | LazyApply: https://lazyapply.com/jobpreview/job_111769c62bb4c66a?utm_campaign=google_jobs_apply&utm_source=google_jobs_apply&utm_medium=organic | Blind: https://www.teamblind.com/jobs/121652864?utm_campaign=google_jobs_apply&utm_source=google_jobs_apply&utm_medium=organic"
Software Engineer II - Fullstack,BILL,United States,"Innovate with purpose

At BILL, we believe in empowering the businesses that drive our economy. By replacing outdated financial processes with innovative tools, we help businesses—from startups to established brands—make smarter decisions and gain control of their operations. And we don’t stop there: we’re creating the future of financial automation so businesses can spend more time on what matters.

Working here means you become part of a vision-driven team that’s ready to tackle challenges and...",3 days ago,Jobs | Scale Venture Partners Job Board - Scale Venture Partners: https://jobs.scalevp.com/companies/bill-2/jobs/42581125-software-engineer-ii-fullstack?utm_campaign=google_jobs_apply&utm_source=google_jobs_apply&utm_medium=organic | Jobs | Emergence Job Board: https://talent.emcap.com/companies/bill-2/jobs/42581125-software-engineer-ii-fullstack?utm_campaign=google_jobs_apply&utm_source=google_jobs_apply&utm_medium=organic
Software Engineer III - Frontend,Chewy,United States,"Our Opportunity:

Chewy's Vendor Partner Portal business is expanding rapidly, and we're seeking skilled Senior Front-End Engineers to help shape the future of our vendor facing platform. If you're passionate about building intuitive user experiences for B2B customers at scale, we'd love to hear from you! In this role, youll drive iterative development, mentor junior engineers, and contribute to the growth of one of Chewys business priorities.

About You:

As an experienced Software Engineer wit...",2 days ago,"VentureFizz: https://venturefizz.com/jobs/software-engineer-iii-frontend-at-chewy?utm_campaign=google_jobs_apply&utm_source=google_jobs_apply&utm_medium=organic | Fashion United: https://fashionunited.com/fashion-jobs/software-engineer-iii-frontend-galway-1713497?utm_campaign=google_jobs_apply&utm_source=google_jobs_apply&utm_medium=organic | ZipRecruiter: https://www.ziprecruiter.com/c/Chewy/Job/Software-Engineer-III-Frontend/-in-Boston,MA?jid=b12b7a01b05137a8&utm_campaign=google_jobs_apply&utm_source=google_jobs_apply&utm_medium=organic | Rise AI Job Search | Tech Startup Jobs, Remote Jobs Hiring Now: https://app.joinrise.co/jobs/walmart-software-engineer-iii-frontend-nt42?utm_campaign=google_jobs_apply&utm_source=google_jobs_apply&utm_medium=organic | Jobilize: https://www.jobilize.com/job/us-software-engineer-iii-frontend-comoto-hiring-now-job-immediately?utm_campaign=google_jobs_apply&utm_source=google_jobs_apply&utm_medium=organic"
"Principal Software Engineer - Cloud, Analytics",Oracle,United States,"At Oracle Health Data Intelligence (HDI), we combine the strengths of the OCI, the leading healthcare technology platforms from Oracle Cerner, Oracle Healthcare’s Product & Technology, Oracle Health Applications & Infrastructure and the mission of the Oracle Healthcare Global Business Unit. Oracle HDI organization has a rare opportunity to play a critical part in how Oracle Health impacts and disrupts the healthcare industry by transforming how healthcare and technology intersect. We are investi...",4 days ago,"Sign In To Oracle - Oracle Cloud Infrastructure (OCI): https://eeho.fa.us2.oraclecloud.com/hcmUI/CandidateExperience/en/job/267135?utm_medium=search+engine&utm_source=google&utm_campaign=google_jobs_apply&utm_source=google_jobs_apply&utm_medium=organic | ZipRecruiter: https://www.ziprecruiter.com/c/1872-Consulting/Job/Software-Engineer-Analytics-Focus/-in-Pasadena,CA?jid=21b4c051f0dc097b&utm_campaign=google_jobs_apply&utm_source=google_jobs_apply&utm_medium=organic | Taro: https://www.jointaro.com/jobs/oracle/principal-software-engineer-cloud-analytics-a2c831f9/?utm_campaign=google_jobs_apply&utm_source=google_jobs_apply&utm_medium=organic | Indeed: https://www.indeed.com/viewjob?jk=ba273c87a0209ed2&utm_campaign=google_jobs_apply&utm_source=google_jobs_apply&utm_medium=organic | LinkedIn: https://www.linkedin.com/jobs/view/principal-software-engineer-cloud-analytics-at-oracle-4076388953?utm_campaign=google_jobs_apply&utm_source=google_jobs_apply&utm_medium=organic | Glassdoor: https://www.glassdoor.com/job-listing/principal-software-engineer-cloud-analytics-oracle-JV_KO0,43_KE44,50.htm?jl=1009530606318&utm_campaign=google_jobs_apply&utm_source=google_jobs_apply&utm_medium=organic | Jobs - Towards AI: https://jobs.towardsai.net/job/oracle-principal-software-engineer-cloud-analytics-ioym?utm_campaign=google_jobs_apply&utm_source=google_jobs_apply&utm_medium=organic | Recruit.net: https://www.recruit.net/job/software-engineer-cloud-analytics-jobs/18D535B93B53CD61?utm_campaign=google_jobs_apply&utm_source=google_jobs_apply&utm_medium=organic"
"Principal Software Engineer, Generative AI Application - 100% remote",Radian,Colorado (+3 others),"See yourself at Radian? We see you here too.

At Radian, we see you. For the person you are and the potential you hold. That’s why we’ve embraced a new way of working that lets our people across the country be themselves, be their best and be their boldest. Because when each of us is truly seen, each of us gives our best – and at Radian, we’ll give you our best right back.

Studies have shown that job seekers may hesitate to apply for jobs unless they meet every single qualification listed. We s...",22 days ago,Radian Jobs: https://careers.radian.com/us/en/job/R20240190/Principal-Software-Engineer-Generative-AI-Application-100-remote?utm_campaign=google_jobs_apply&utm_source=google_jobs_apply&utm_medium=organic | Indeed: https://www.indeed.com/viewjob?jk=4c5bfeec3c43f1cf&utm_campaign=google_jobs_apply&utm_source=google_jobs_apply&utm_medium=organic | Jobilize: https://www.jobilize.com/job/us-pa-principal-ml-engineer-adtech-liftoff-hiring-now-job-immediately?utm_campaign=google_jobs_apply&utm_source=google_jobs_apply&utm_medium=organic
Sr. Software Engineer,P3+Uplift,"Loveland, CO","• *Hybrid Schedule in Loveland, CO or Fort Collins, CO**
• No C2C at this time- Contract-to-Hire Position*

Job Position Summary: Join our client's team to design, build, and maintain a robust, cloud-native digital services platform that powers a wide array of high-performance data products and services. You'll play a critical role in ensuring seamless scalability, high availability, and optimized performance across our client's systems. With deep technical expertise, you'll identify and address...",6 days ago,LinkedIn: https://www.linkedin.com/jobs/view/sr-software-engineer-at-p3%2Buplift-4076976183?utm_campaign=google_jobs_apply&utm_source=google_jobs_apply&utm_medium=organic | Monster: https://www.monster.com/job-openings/sr-software-engineer-loveland-co--fa751bc6-c037-4218-86fc-0b68deb60f1a?utm_campaign=google_jobs_apply&utm_source=google_jobs_apply&utm_medium=organic | Professional Project Partners: https://jobs.p-3-inc.com/job/job-6977-sr-software-engineer-loveland-co/?utm_campaign=google_jobs_apply&utm_source=google_jobs_apply&utm_medium=organic | CareerBliss: https://www.careerbliss.com/jobs/detail/1958126799/?utm_campaign=google_jobs_apply&utm_source=google_jobs_apply&utm_medium=organic | Jobilize: https://www.jobilize.com/job/us-co-loveland-sr-software-engineer-geodelphi-hiring-now-job-immediately?utm_campaign=google_jobs_apply&utm_source=google_jobs_apply&utm_medium=organic
Senior Software Engineer,Empower,"Greenwood Village, CO","Our vision for the future is based on the idea that transforming financial lives starts by giving our people the freedom to transform their own. We have a flexible work environment, and fluid career paths. We not only encourage but celebrate internal mobility. We also recognize the importance of purpose, well-being, and work-life balance. Within Empower and our communities, we work hard to create a welcoming and inclusive environment, and our associates dedicate thousands of hours to volunteerin...",3 days ago,"Empower: https://jobs.empower.com/job/united-states/senior-software-engineer/42743/61958903104?utm_campaign=google_jobs_apply&utm_source=google_jobs_apply&utm_medium=organic | Paylocity: https://recruiting.paylocity.com/Recruiting/Jobs/Details/2797410?utm_campaign=google_jobs_apply&utm_source=google_jobs_apply&utm_medium=organic | LinkedIn: https://www.linkedin.com/jobs/view/senior-software-engineer-at-nextworld%C2%AE-4049588904?utm_campaign=google_jobs_apply&utm_source=google_jobs_apply&utm_medium=organic | Talent.com: https://www.talent.com/view?id=e08e445540d8&utm_campaign=google_jobs_apply&utm_source=google_jobs_apply&utm_medium=organic | Monster: https://www.monster.com/job-openings/senior-software-engineer-greenwood-village-co--a3212473-684c-4e0e-a156-c4008296f245?utm_campaign=google_jobs_apply&utm_source=google_jobs_apply&utm_medium=organic | BeBee: https://us.bebee.com/job/b2189d65b330bc57a4cd63625c9b9705?utm_campaign=google_jobs_apply&utm_source=google_jobs_apply&utm_medium=organic | Glassdoor: https://www.glassdoor.com/job-listing/senior-software-engineer-cobank-JV_IC1164302_KO0,24_KE25,31.htm?jl=1009525135881&utm_campaign=google_jobs_apply&utm_source=google_jobs_apply&utm_medium=organic | Ladders: https://www.theladders.com/job-listing/senior-software-engineer-mitek-greenwood-village-co-_v2_-7-535866763.html?utm_campaign=google_jobs_apply&utm_source=google_jobs_apply&utm_medium=organic"
Senior Software Engineer - Triton Tools,2100 NVIDIA USA,United States,"NVIDIA has been transforming computer graphics, PC gaming, and accelerated computing for more than 25 years. It’s a unique legacy of innovation that’s fueled by great technology—and amazing people. Today, we’re tapping into the unlimited potential of AI to define the next era of computing. An era in which our GPU acts as the brains of computers, robots, and self-driving cars that can understand the world. Doing what’s never been done before takes vision, innovation, and the world’s best talent. ...",7 days ago,"Workday: https://nvidia.wd5.myworkdayjobs.com/en-US/NVIDIAExternalCareerSite/job/Senior-Software-Engineer_JR1987613?utm_campaign=google_jobs_apply&utm_source=google_jobs_apply&utm_medium=organic | Dice: https://www.dice.com/job-detail/66ef35ad-98d3-454e-a541-0636ca7fb9ce?utm_campaign=google_jobs_apply&utm_source=google_jobs_apply&utm_medium=organic | LinkedIn: https://www.linkedin.com/jobs/view/senior-software-engineer-triton-tools-at-nvidia-4027849210?utm_campaign=google_jobs_apply&utm_source=google_jobs_apply&utm_medium=organic | Rise AI Job Search | Tech Startup Jobs, Remote Jobs Hiring Now: https://app.joinrise.co/jobs/nvidia-senior-software-engineer-triton-tools-0d14?utm_campaign=google_jobs_apply&utm_source=google_jobs_apply&utm_medium=organic | Fairygodboss: https://fairygodboss.com/jobs/nvidia/senior-software-engineer-triton-tools-5f5d4e6bdb428a45031ab6c9b198d8a7?utm_campaign=google_jobs_apply&utm_source=google_jobs_apply&utm_medium=organic | BeBee: https://us.bebee.com/job/3d7e474ba0eed2135b42e16467fc83e0?utm_campaign=google_jobs_apply&utm_source=google_jobs_apply&utm_medium=organic | Get.It: https://www.get.it/job/senior-software-engineer-merchandising-tools-in-bentonville-ar-at-walmart-ga_538810010009010751?utm_campaign=google_jobs_apply&utm_source=google_jobs_apply&utm_medium=organic | Blind: https://www.teamblind.com/jobs/129141839?utm_campaign=google_jobs_apply&utm_source=google_jobs_apply&utm_medium=organic"
Principal Software Engineer – MarkLogic Database,Progress,United States,"We are Progress (Nasdaq: PRGS) - the trusted provider of software that enables our customers to develop, deploy and manage responsible, AI-powered applications and experiences with agility and ease. We’re proud to have a diverse, global team where we value the individual and enrich our culture by considering varied perspectives because we believe people power progress. Join us as a Principal Software Engineer working out of your home office in the United States, and help us do what we do best: p...",8 days ago,"Progress Software: https://www.progress.com/company/careers/principal-software-engineer-marklogic-database-oe3cufwx?utm_campaign=google_jobs_apply&utm_source=google_jobs_apply&utm_medium=organic | Indeed: https://www.indeed.com/viewjob?jk=f8b52206baab4baf&utm_campaign=google_jobs_apply&utm_source=google_jobs_apply&utm_medium=organic | Jobvite: https://jobs.jobvite.com/progress/job/oE3Cufwx?utm_campaign=google_jobs_apply&utm_source=google_jobs_apply&utm_medium=organic | Upwork: https://www.upwork.com/freelance-jobs/apply/Reverse-Engineer-SQLite-Database_~021857081761547683032/?utm_campaign=google_jobs_apply&utm_source=google_jobs_apply&utm_medium=organic | LinkedIn: https://www.linkedin.com/jobs/view/principal-software-engineer-%E2%80%93-marklogic-database-at-progress-4045054481?utm_campaign=google_jobs_apply&utm_source=google_jobs_apply&utm_medium=organic | Jooble: https://jooble.org/jdp/-4407411550555446029?utm_campaign=google_jobs_apply&utm_source=google_jobs_apply&utm_medium=organic | Remote Africa: https://remoteafrica.io/jobs/f/mailerlite-database-engineer-sre-team?utm_campaign=google_jobs_apply&utm_source=google_jobs_apply&utm_medium=organic | Rise AI Job Search | Tech Startup Jobs, Remote Jobs Hiring Now: https://app.joinrise.co/jobs/cornell-university-database-engineer-hybridfully-remote-sdtu?utm_campaign=google_jobs_apply&utm_source=google_jobs_apply&utm_medium=organic"
Software Engineer Sr. - Clearance Required,Lockheed Martin,"Littleton, CO","Description:WHAT WE’RE DOING
At Lockheed Martin, we engineer innovative solutions to deliver resilient systems, products, and services across evolving cyber threats. As risks to our hardware, software, and supply chains continue to rise, our customers require advanced solutions to mitigate growing vulnerabilities and ensure our systems can operate in cyber contested environments. Strong resiliency-focused engineering leadership is essential to protecting Rotary and Mission Systems (RMS) platform...",N/A,"Lockheed Martin: https://www.lockheedmartinjobs.com/job/littleton/software-engineer-sr-clearance-required/694/66281510960?utm_campaign=google_jobs_apply&utm_source=google_jobs_apply&utm_medium=organic | ZipRecruiter: https://www.ziprecruiter.com/c/Lockheed-Martin/Job/Software-Engineer-Sr.-Clearance-Required/-in-Littleton,CO?jid=09aca6ce2c023756&utm_campaign=google_jobs_apply&utm_source=google_jobs_apply&utm_medium=organic | Dice.com: https://www.dice.com/job-detail/8b452090-00b9-44ff-8a22-a57df6f895d0?utm_campaign=google_jobs_apply&utm_source=google_jobs_apply&utm_medium=organic | Indeed: https://www.indeed.com/viewjob?jk=6ef4b7c9db129854&utm_campaign=google_jobs_apply&utm_source=google_jobs_apply&utm_medium=organic | Cleared Careers: https://clearedcareers.com/job/555786/software-engineer-sr-clearance-required/?utm_campaign=google_jobs_apply&utm_source=google_jobs_apply&utm_medium=organic | JSfirm.com: https://www.jsfirm.com/job/Engineering-Software-Engineer-Sr---Clearance-Required/Littleton-Colorado/jobID_1401050?utm_campaign=google_jobs_apply&utm_source=google_jobs_apply&utm_medium=organic | Glassdoor: https://www.glassdoor.com/job-listing/software-engineer-sr-clearance-required-lockheed-martin-JV_IC1148194_KO0,39_KE40,55.htm?jl=1009517858514&utm_campaign=google_jobs_apply&utm_source=google_jobs_apply&utm_medium=organic | IT Diversity Careers: https://www.itdiversitycareers.com/job/software-engineer-sr-clearance-required-littleton-colorado-12709343?utm_campaign=google_jobs_apply&utm_source=google_jobs_apply&utm_medium=organic"
"Lead Software Engineer, AI Programs",KPMG LLP,"Denver, CO","Known for being a great place to work and build a career, KPMG provides audit, tax and advisory services for organizations in today's most important industries. Our growth is driven by delivering real results for our clients. It's also enabled by our culture, which encourages individual development, embraces an inclusive environment, rewards innovative excellence and supports our communities. With qualities like those, it's no wonder we're consistently ranked among the best companies to work for...",20 days ago,"KPMG Careers: https://www.kpmguscareers.com/jobdetail/?jobId=112758&utm_campaign=google_jobs_apply&utm_source=google_jobs_apply&utm_medium=organic | Indeed: https://www.indeed.com/viewjob?jk=e0465436e5cd72f2&utm_campaign=google_jobs_apply&utm_source=google_jobs_apply&utm_medium=organic | Glassdoor: https://www.glassdoor.com/job-listing/lead-software-engineer-ai-programs-kpmg-JV_IC1148170_KO0,34_KE35,39.htm?jl=1009345568495&utm_campaign=google_jobs_apply&utm_source=google_jobs_apply&utm_medium=organic | LinkedIn: https://www.linkedin.com/jobs/view/lead-software-engineer-ai-programs-at-kpmg-us-3946470261?utm_campaign=google_jobs_apply&utm_source=google_jobs_apply&utm_medium=organic | MilwaukeeJobs.com: https://www.milwaukeejobs.com/j/t-Lead-Software-Engineer-AI-Programs-e-KPMG-l-Denver,-CO-jobs-j81137236.html?utm_campaign=google_jobs_apply&utm_source=google_jobs_apply&utm_medium=organic | Ladders: https://www.theladders.com/job/lead-software-engineer-ai-programs-kpmgllp-denver-co_72691315?utm_campaign=google_jobs_apply&utm_source=google_jobs_apply&utm_medium=organic | DiversityInc Jobs - Fair360: https://jobs.fair360.com/job/lead-software-engineer-ai-programs-denver-colorado-64801279?utm_campaign=google_jobs_apply&utm_source=google_jobs_apply&utm_medium=organic | Blind: https://www.teamblind.com/jobs/126973461?utm_campaign=google_jobs_apply&utm_source=google_jobs_apply&utm_medium=organic"
"Software Engineer, Backend - FedRAMP - 31023",Splunk,Colorado,"Splunk is here to build a safer and more resilient digital world. The world's leading enterprises use our unified security and observability platform to keep their digital systems secure and reliable. While customers love our technology, it's our people that make Splunk stand out as an amazing career destination and why we've won so many awards as a best place to work. If you become a Splunker, we want your whole, authentic self, what we call your ""million data points"". So bring your work experi...",14 days ago,Splunk: https://www.splunk.com/en_us/careers/jobs/software-engineer-backend-fedramp-31023.html?utm_campaign=google_jobs_apply&utm_source=google_jobs_apply&utm_medium=organic | Dice.com: https://www.dice.com/job-detail/66d505c6-e467-43ac-910c-49ac6fbdeac5?utm_campaign=google_jobs_apply&utm_source=google_jobs_apply&utm_medium=organic
"Software Engineer, New College Grad - 2025",Visa,"Austin, TX","Company Description

Visa is a world leader in digital payments, facilitating more than 215 billion payments transactions between consumers, merchants, financial institutions and government entities across more than 200 countries and territories each year. Our mission is to connect the world through the most innovative, convenient, reliable and secure payments network, enabling individuals, businesses and economies to thrive.

When you join Visa, you join a culture of purpose and belonging – whe...",6 days ago,"SmartRecruiters: https://www.smartrecruiters.com/Visa/744000026540225-software-engineer-new-college-grad-2025?utm_campaign=google_jobs_apply&utm_source=google_jobs_apply&utm_medium=organic | ZipRecruiter: https://www.ziprecruiter.com/c/Visa/Job/Software-Engineer,-New-College-Grad-2025/-in-Austin,TX?jid=1ac8bc88e74a947e&utm_campaign=google_jobs_apply&utm_source=google_jobs_apply&utm_medium=organic | Glassdoor: https://www.glassdoor.com/job-listing/software-engineer-new-college-grad-2025-visa-JV_IC1139761_KO0,39_KE40,44.htm?jl=1009528188130&utm_campaign=google_jobs_apply&utm_source=google_jobs_apply&utm_medium=organic | Startup Jobs: https://startup.jobs/software-engineer-new-college-grad-2025-visa-6006864?utm_campaign=google_jobs_apply&utm_source=google_jobs_apply&utm_medium=organic | Indeed: https://www.indeed.com/viewjob?jk=be08a82cc85cbe72&utm_campaign=google_jobs_apply&utm_source=google_jobs_apply&utm_medium=organic | Adzuna: https://www.adzuna.com/details/4940524854?utm_campaign=google_jobs_apply&utm_source=google_jobs_apply&utm_medium=organic | Diversity Jobs: https://diversityjobs.com/career/10282618/Software-Engineer-New-College-Grad-2025-Texas-Austin?utm_campaign=google_jobs_apply&utm_source=google_jobs_apply&utm_medium=organic | Built In Austin: https://www.builtinaustin.com/node/161203?utm_campaign=google_jobs_apply&utm_source=google_jobs_apply&utm_medium=organic"
"Senior Software Engineer – Mortgage & Consumer Loan Products in Irving, TX",U.S. Bank National Association,"Irving, TX","At U.S. Bank, we’re on a journey to do our best. Helping the customers and businesses we serve to make better and smarter financial decisions and enabling the communities we support to grow and succeed. We believe it takes all of us to bring our shared ambition to life, and each person is unique in their potential. A career with U.S. Bank gives you a wide, ever-growing range of opportunities to discover what makes you thrive at every stage of your career. Try new things, learn new skills and dis...",3 days ago,"US Bank Careers: https://careers.usbank.com/global/en/job/UBNAGLOBAL20240024310EXTERNALENGLOBAL/Senior-Software-Engineer-Mortgage-Consumer-Loan-Products-in-Irving-TX?utm_campaign=google_jobs_apply&utm_source=google_jobs_apply&utm_medium=organic | Indeed: https://www.indeed.com/viewjob?jk=8386ccb5f7b3926e&utm_campaign=google_jobs_apply&utm_source=google_jobs_apply&utm_medium=organic | Glassdoor: https://www.glassdoor.com/job-listing/senior-software-engineer-%E2%80%93-mortgage-and-consumer-loan-products-in-irving-tx-u-s-bank-JV_IC1140006_KO0,75_KE76,84.htm?jl=1009531200511&utm_campaign=google_jobs_apply&utm_source=google_jobs_apply&utm_medium=organic | SimplyHired: https://www.simplyhired.com/job/u9QjJbgS4ASZrK3ZeBj9xz21hzXmzlRNJ4J0vFcuR0V3ty5yBSEKbQ?utm_campaign=google_jobs_apply&utm_source=google_jobs_apply&utm_medium=organic | Talentify: https://www.talentify.io/job/senior-software-engineer-mortgage-and-consumer-loan-products-in-irving-tx-irving-texas-us-us-bank-2024-0024310?utm_campaign=google_jobs_apply&utm_source=google_jobs_apply&utm_medium=organic"
(Mainframe) Software Engineer Senior Consultant II,Allstate,"Houston, TX","National General is a part of The Allstate Corporation, which means we have the same innovative drive that keeps us a step ahead of our customers’ evolving needs. We offer home, auto and accident and health insurance, as well as other specialty niche insurance products, through a large network of independent insurance agents, as well as directly to consumers.

Job Description
The Mainframe Software Engineer Senior Consultant develops, tests, implements, and maintain complex Mainframe application...",N/A,Allstate Careers: https://www.allstate.jobs/job/20825586/-mainframe-software-engineer-senior-consultant-ii/?utm_campaign=google_jobs_apply&utm_source=google_jobs_apply&utm_medium=organic
Software Engineer 2 - Java,Smart IMS,"Bee Cave, TX","Texas Department of Family and Protective Services requires the services of 5 Software Engineer 2 , hereafter referred to as Candidate(s), who meets the general qualifications of Software Engineer 2, Applications/Software Development and the specifications outlined in this document for the Texas Department of Family and Protective Services . All work products resulting from the project shall be considered ""works made for hire"" and are the property of the Texas Department of Family and Protective...",2 days ago,SitePoint: https://www.sitepoint.com/jobs-for-developers/smart-ims/software-engineer-2-java-933737/?utm_campaign=google_jobs_apply&utm_source=google_jobs_apply&utm_medium=organic
Java Software Engineer - Clearance Required,Lockheed Martin,"San Antonio, TX","Description:This position may be eligible for a sign on bonus up to $25K for external hires!

This position is participating in our External Referral Program. If you know somebody who may be a fit, click here to submit a referral. If your referral is hired, you'll receive a payment! code-extrefer

Java Software Engineer - Clearance Required

WHAT WE'RE DOING
• Join Lockheed Martin Rotary and Mission Systems, Cyber & Intelligence, where we foster innovation and integrity.
• As a Java Software Eng...",8 days ago,"Lockheed Martin: https://www.lockheedmartinjobs.com/job/san-antonio/java-software-engineer-clearance-required/694/72910039728?utm_campaign=google_jobs_apply&utm_source=google_jobs_apply&utm_medium=organic | ZipRecruiter: https://www.ziprecruiter.com/c/Lockheed-Martin/Job/Java-Software-Engineer-Clearance-Required/-in-San-Antonio,TX?jid=fabca65b42fcc1d7&utm_campaign=google_jobs_apply&utm_source=google_jobs_apply&utm_medium=organic | Indeed: https://www.indeed.com/viewjob?jk=bf0b9921fb66a6ec&utm_campaign=google_jobs_apply&utm_source=google_jobs_apply&utm_medium=organic | RecruitMilitary: https://my.recruitmilitary.com/job/45022996/Java-Software-Engineer-Clearance-Required-Lockheed-Martin-Corporation-San-Antonio-TX?utm_campaign=google_jobs_apply&utm_source=google_jobs_apply&utm_medium=organic | JSfirm.com: https://www.jsfirm.com/job/Engineering-Java-Software-Engineer---Clearance-Required/San+Antonio-Texas/jobID_1483494?utm_campaign=google_jobs_apply&utm_source=google_jobs_apply&utm_medium=organic | Dice.com: https://www.dice.com/job-detail/6e0a5724-a12b-4c9d-ba23-a1cf7d4a1bf6?utm_campaign=google_jobs_apply&utm_source=google_jobs_apply&utm_medium=organic | Levels.fyi: https://levels.fyi/jobs?jobId=79464331346879174&utm_campaign=google_jobs_apply&utm_source=google_jobs_apply&utm_medium=organic | SimplyHired: https://www.simplyhired.com/job/12q2YBPZBbw1eSj513zp3CsQwGo7lgWo1jOVYWD_8AV5ziR6aw5bFA?utm_campaign=google_jobs_apply&utm_source=google_jobs_apply&utm_medium=organic"
Software Engineer- Looking Local candidate,Datawize Technologies Inc,"Austin, TX","Job Title : Software Engineer - Need Local candidate only

Job Location : 701 W 51st Street, Austin, TX 78751.

Job Type: Contract

Job Description :-

Software Engineer 3, hereafter referred to as Candidate(s), who meets the general qualifications of Software Engineer 3, Applications/Software Development and the specifications outlined in this document for the Texas Health and Human Services Commission.

All work products resulting from the project shall be considered ""works made for hire"" and ...",2 days ago,SimplyHired: https://www.simplyhired.com/job/W_qHb-Ib7lNwWlzOCu4n7Bj9vgXdRzFa_-UpnNIz19qC5YbXSoxWmQ?utm_campaign=google_jobs_apply&utm_source=google_jobs_apply&utm_medium=organic
"Software Engineer, Ethernet Switching - New College Grad 2024",2100 NVIDIA USA,"Austin, TX","NVIDIA has been transforming computer graphics, PC gaming, and accelerated computing for more than 25 years. It’s a unique legacy of innovation that’s fueled by great technology—and amazing people. Today, we’re tapping into the unlimited potential of AI to define the next era of computing. An era in which our GPU acts as the brains of computers, robots, and self-driving cars that can understand the world. Doing what’s never been done before takes vision, innovation, and the world’s best talent. ...",7 days ago,"Workday: https://nvidia.wd5.myworkdayjobs.com/en-US/NVIDIAExternalCareerSite/job/Software-Engineer--Ethernet-Switching---New-College-Grad-2024_JR1991000?utm_campaign=google_jobs_apply&utm_source=google_jobs_apply&utm_medium=organic | Smart Recruiters Jobs: https://jobs.smartrecruiters.com/Visa/744000025107975-associate-business-analyst-new-college-grad-2025?utm_campaign=google_jobs_apply&utm_source=google_jobs_apply&utm_medium=organic | ZipRecruiter: https://www.ziprecruiter.com/c/2100-NVIDIA-USA/Job/Power-Architecture-and-Optimization-Engineer-New-College-Grad-2024/-in-Austin,TX?jid=185e932fb777ef7d&utm_campaign=google_jobs_apply&utm_source=google_jobs_apply&utm_medium=organic | Glassdoor: https://www.glassdoor.com/job-listing/associate-business-analyst-new-college-grad-2025-visa-JV_IC1139761_KO0,48_KE49,53.htm?jl=1009517395405&utm_campaign=google_jobs_apply&utm_source=google_jobs_apply&utm_medium=organic | LinkedIn: https://www.linkedin.com/jobs/view/power-methodology-and-modeling-engineer-new-college-grad-2024-at-nvidia-4070547146?utm_campaign=google_jobs_apply&utm_source=google_jobs_apply&utm_medium=organic | The Muse: https://www.themuse.com/jobs/nvidia/power-architecture-and-optimization-engineer-new-college-grad-2024?utm_campaign=google_jobs_apply&utm_source=google_jobs_apply&utm_medium=organic | Indeed: https://www.indeed.com/viewjob?jk=97d5b172d2ee61c2&utm_campaign=google_jobs_apply&utm_source=google_jobs_apply&utm_medium=organic | SimplyHired: https://www.simplyhired.com/job/egaa7euZ7PrP4Y7ebzS0pm3EpV9pHRnXrDbeTyv6EHAi29ejRfPb6Q?utm_campaign=google_jobs_apply&utm_source=google_jobs_apply&utm_medium=organic"
Software Engineer - Embedded Systems,Apple,"Austin, TX","Summary
Posted: Sep 12, 2024
Weekly Hours: 40
Role Number:200567748

Apple is where individual imaginations gather together, committing to the values that lead to great work. Every new product we build, service we create, or Apple Store experience we deliver is the result of us making each other’s ideas stronger. That happens because every one of us shares a belief that we can make something wonderful and share it with the world, changing lives for the better. It’s the diversity of our people an...",N/A,"Careers At Apple: https://jobs.apple.com/en-us/details/200567748/software-engineer-embedded-systems?utm_campaign=google_jobs_apply&utm_source=google_jobs_apply&utm_medium=organic | ZipRecruiter: https://www.ziprecruiter.com/c/Apple/Job/Software-Engineer-Embedded-Systems/-in-Austin,TX?jid=4689d3c051d0e27c&utm_campaign=google_jobs_apply&utm_source=google_jobs_apply&utm_medium=organic | AARP Job Board: https://jobs.aarp.org/job/software-engineer-embedded-systems-austin-texas-70267460?utm_campaign=google_jobs_apply&utm_source=google_jobs_apply&utm_medium=organic | Dice.com: https://www.dice.com/job-detail/56325173-4713-41ee-9944-609123cee3b3?utm_campaign=google_jobs_apply&utm_source=google_jobs_apply&utm_medium=organic | Indeed: https://www.indeed.com/viewjob?jk=dbd17eb1c196208b&utm_campaign=google_jobs_apply&utm_source=google_jobs_apply&utm_medium=organic | LinkedIn: https://www.linkedin.com/jobs/view/software-engineer-embedded-systems-at-jobs-via-dice-4078320031?utm_campaign=google_jobs_apply&utm_source=google_jobs_apply&utm_medium=organic | SWE Career Center: https://careers.swe.org/job/software-engineer-embedded-systems/75883075/?utm_campaign=google_jobs_apply&utm_source=google_jobs_apply&utm_medium=organic | Salary.com: https://www.salary.com/job/apple/software-engineer-embedded-systems/j202305050843255704062?utm_campaign=google_jobs_apply&utm_source=google_jobs_apply&utm_medium=organic"
Java Software Engineer II (Onsite),RTX,"Richardson, TX","Date Posted:
2024-09-10

Country:
United States of America

Location:
TX234: Richardson 1717 CityLine 1717 East CityLine Drive Building C17, Richardson, TX, 75082 USA

Position Role Type:
Unspecified

At Raytheon, the foundation of everything we do is rooted in our values and a higher calling – to help our nation and allies defend freedoms and deter aggression. We bring the strength of more than 100 years of experience and renowned engineering expertise to meet the needs of today’s mission and s...",1 day ago,"RTX Careers: https://careers.rtx.com/global/en/job/01727067/Java-Software-Engineer-II-Onsite?utm_campaign=google_jobs_apply&utm_source=google_jobs_apply&utm_medium=organic | Dice.com: https://www.dice.com/job-detail/837eebad-4983-49a2-a79b-5053b91df6ae?utm_campaign=google_jobs_apply&utm_source=google_jobs_apply&utm_medium=organic | The Muse: https://www.themuse.com/jobs/rtx/java-software-engineer-ii-onsite-e0c68c?utm_campaign=google_jobs_apply&utm_source=google_jobs_apply&utm_medium=organic | LinkedIn: https://www.linkedin.com/jobs/view/java-software-engineer-ii-onsite-at-raytheon-4025969633?utm_campaign=google_jobs_apply&utm_source=google_jobs_apply&utm_medium=organic | Adzuna: https://www.adzuna.com/details/4925729469?utm_campaign=google_jobs_apply&utm_source=google_jobs_apply&utm_medium=organic | Ladders: https://www.theladders.com/job/java-software-engineer-ii-onsite-raytheontechnologies-richardson-tx_76520793?ir=1&utm_campaign=google_jobs_apply&utm_source=google_jobs_apply&utm_medium=organic | PowerToFly: https://powertofly.com/jobs/detail/2062221?utm_campaign=google_jobs_apply&utm_source=google_jobs_apply&utm_medium=organic | Glassdoor: https://www.glassdoor.com/job-listing/java-software-engineer-ii-onsite-rtx-JV_IC1140053_KO0,32_KE33,36.htm?jl=1009524384078&utm_campaign=google_jobs_apply&utm_source=google_jobs_apply&utm_medium=organic"
Senior Software Engineer,GameStop,"Grapevine, TX","At GameStop, we are committed to providing exceptional service and delivering the latest and greatest in gaming products to our customers. As a leading global retailer of video games, electronics, and gaming merchandise, we take pride in offering a wide range of products that cater to the needs and desires of gamers worldwide. Our mission is to create unforgettable experiences for our customers by constantly pushing the boundaries of what's possible. Whether you're a hardcore gamer or just start...",6 days ago,"GameStop Careers: https://careers.gamestop.com/us/en/job/Req-152382/Senior-Software-Engineer?utm_campaign=google_jobs_apply&utm_source=google_jobs_apply&utm_medium=organic | ZipRecruiter: https://www.ziprecruiter.com/c/Gamestop-Texas-Ltd/Job/Senior-Software-Engineer/-in-Grapevine,TX?jid=40f8a3f62cd697d6&utm_campaign=google_jobs_apply&utm_source=google_jobs_apply&utm_medium=organic | Walmart Careers: https://careers.walmart.com/us/jobs/WD2035297-senior-software-engineer?utm_campaign=google_jobs_apply&utm_source=google_jobs_apply&utm_medium=organic | Indeed: https://www.indeed.com/viewjob?jk=0108876af2fe9d20&utm_campaign=google_jobs_apply&utm_source=google_jobs_apply&utm_medium=organic | Jobbio: https://jobbio.com/companies/epsilon-3/jobs/senior-software-engineer-834?utm_campaign=google_jobs_apply&utm_source=google_jobs_apply&utm_medium=organic | Glassdoor: https://www.glassdoor.com/job-listing/senior-software-engineer-gamestop-JV_IC1139999_KO0,24_KE25,33.htm?jl=1009175716850&utm_campaign=google_jobs_apply&utm_source=google_jobs_apply&utm_medium=organic | Talent.com: https://www.talent.com/view?id=9391a36a1d30&utm_campaign=google_jobs_apply&utm_source=google_jobs_apply&utm_medium=organic | Ladders: https://www.theladders.com/job/senior-software-engineer-gamestop-grapevine-tx_77663592?utm_campaign=google_jobs_apply&utm_source=google_jobs_apply&utm_medium=organic"
